twitter_id,create_at,tweet_text,user_id,user_location,tag_text,url,key_word,retweet_count,like_count,twitter_hour,twitter_weekday,twitter_day
14,2018-04-09 06:12:52,#VolvoCarOpen press conference: Aleksandra Krunic causes a stir after suggesting if I've paid to watch Roger Federe… https://t.co/Nq8x0NBmxH,767784529406726144,"An alternate, better, universe",VolvoCarOpen,https://t.co/Nq8x0NBmxH,Roger Federer,0,0,6,0,9
34,2018-04-09 06:11:57,RT @HTSportsNews: #DavisCup @DavidFerrer87 sends Spain into semis vs France; Croatia set up US date https://t.co/CK8paEQe6D https://t.co/9d…,916347858,tokyo,DavisCup,https://t.co/CK8paEQe6D,David Ferrer,3,0,6,0,9
9,2018-04-09 06:10:24,"Roger Federer is like Maradona and Messi, says tennis star Diego Schwartzman

#RogerFederer #DiegoSchwartzman… https://t.co/IbaCLnYcI6",403670899,India,RogerFederer,https://t.co/IbaCLnYcI6,Rafael Nadal,1,1,6,0,9
15,2018-04-09 06:10:24,"Roger Federer is like Maradona and Messi, says tennis star Diego Schwartzman

#RogerFederer #DiegoSchwartzman… https://t.co/IbaCLnYcI6",403670899,India,RogerFederer,https://t.co/IbaCLnYcI6,Roger Federer,1,1,6,0,9
120,2018-04-09 06:09:45,#CoupeDavis : le Nordiste Lucas Pouille aimerait que le président Giudicelli “écoute” les joueurs ►… https://t.co/I6c4B061bU,190668307,Lille,CoupeDavis,https://t.co/I6c4B061bU,Lucas Pouille,1,1,6,0,9
35,2018-04-09 05:57:33,"@alevxgulay Surprise ended.
WATCH THE MAN in the video ! 

#gayteenpride #Pride #LGBT #LGBTQ #SundayFunday #gay… https://t.co/nF5OKpICqo",428852411,"Tavşanlı, Türkiye",gayteenpride,https://t.co/nF5OKpICqo,David Ferrer,0,0,5,0,9
10,2018-04-09 05:55:39,.@RafaelNadal​ and @DavidFerrer​87 get the #DavisCup job done for Spain https://t.co/ESLGbfuQLz,930049608738312192,"Leeds, England",DavisCup,https://t.co/ESLGbfuQLz,Rafael Nadal,0,0,5,0,9
36,2018-04-09 05:55:39,.@RafaelNadal​ and @DavidFerrer​87 get the #DavisCup job done for Spain https://t.co/ESLGbfuQLz,930049608738312192,"Leeds, England",DavisCup,https://t.co/ESLGbfuQLz,David Ferrer,0,0,5,0,9
17,2018-04-09 05:48:43,RT @RTS_Sport: .@DjokerNole na treningu sa Vajdom &gt;&gt; https://t.co/3uNAwSF1SR #Djokovic #rtsvesti https://t.co/R1FZzC15GX,775742948914892800,,Djokovic,https://t.co/3uNAwSF1SR,Novak Djokovic,9,0,5,0,9
11,2018-04-09 05:08:01,Spain Survives Davis Cup Struggle Behind Rafael Nadal and David Ferrer – Mondays with Bob Greene https://t.co/CnICgRrLHQ #tennis,820011278735409153,"Barcelona, Catalunya",tennis,https://t.co/CnICgRrLHQ,Rafael Nadal,0,0,5,0,9
37,2018-04-09 05:08:01,Spain Survives Davis Cup Struggle Behind Rafael Nadal and David Ferrer – Mondays with Bob Greene https://t.co/CnICgRrLHQ #tennis,820011278735409153,"Barcelona, Catalunya",tennis,https://t.co/CnICgRrLHQ,David Ferrer,0,0,5,0,9
38,2018-04-09 04:51:13,"RT @ESPNtenis: David Ferrer en casi cinco horas venció a Kohlschreiber y metió a España en semis de la #CopaDavis.
https://t.co/sVt94qgni4",182506310,Canary Islands (Spain),CopaDavis,https://t.co/sVt94qgni4,David Ferrer,5,0,4,0,9
12,2018-04-09 04:32:00,"Rafael #Nadal heads into the European clay season as the World No. 1 - but can he stay there?

It's a mammoth ask.… https://t.co/2hL5HPZVhM",42869268,Tennis!,Nadal,https://t.co/2hL5HPZVhM,Rafael Nadal,10,32,4,0,9
121,2018-04-09 03:49:33,RT @AFPSport: Coupe Davis - Lucas Pouille bat Fognini et envoie la France en demi-finales #AFP https://t.co/YXt6CLGByJ https://t.co/qjWOlDQ…,2397398513,,AFP,https://t.co/YXt6CLGByJ,Lucas Pouille,8,0,3,0,9
122,2018-04-09 03:48:07,RT @pharedk: #LoonPlage Le Nordiste Lucas Pouille une nouvelle fois héros de la patrie en Coupe Davis #tennis ? https://t.co/yR3UnvV4v6,3160066737,France,LoonPlage,https://t.co/yR3UnvV4v6,Lucas Pouille,4,0,3,0,9
29,2018-04-09 02:08:33,"マレーのすごくて楽しいテニスマジック！

Andy Murray Tennis Street Magic in London
https://t.co/wikaSfLIv5

投げた皿打ち落とすとかすごすぎです！ #テニス動画",103574078,,テニス動画,https://t.co/wikaSfLIv5,Andy Murray,0,0,2,0,9
1,2018-04-09 02:01:53,"#CopaDavis #GrupoMundial #Croacia #Kazajistán
Hoy temprano de la mano de Marin Cilic, el conjunto croata cerró su s… https://t.co/sJyK2aj47Q",816800112752074752,,CopaDavis,https://t.co/sJyK2aj47Q,Marin Cilic,0,0,2,0,9
123,2018-04-09 01:45:14,Tennis&gt;Coupe Davis: Lucas Pouille : un week-end qui comptera:Le n-- https://t.co/OWkXxdIIET #tennis https://t.co/dy7dnP0yb9,2999436016,Paris,tennis,https://t.co/OWkXxdIIET,Lucas Pouille,0,0,1,0,9
13,2018-04-09 01:39:32,#BBC Sport - #DavisCup #Tennis: #Rafael #Nadal and David #Ferrer put #Spain into semi-finals https://t.co/BvVzQDdGz1,43905364,"Toronto, Ontario",BBC,https://t.co/BvVzQDdGz1,Rafael Nadal,0,0,1,0,9
16,2018-04-09 01:26:33,DE PIE PARA EL ROGER FEDERER DE LA LUCHA LIBRE. #WrestleMania https://t.co/lrOmngcPqi,729845191,México D.F.,WrestleMania,https://t.co/lrOmngcPqi,Roger Federer,0,0,1,0,9
124,2018-04-08 23:40:07,"Champions France are back in the Davis Cup semis after Lucas #Pouille's four-set victory over Italian No. 1, Fabio… https://t.co/q4KWch70CQ",42869268,Tennis!,Pouille,https://t.co/q4KWch70CQ,Lucas Pouille,1,5,23,6,8
125,2018-04-08 23:35:13,Tennis: Lucas Pouille s'oppose à la réforme de la Coupe Davis: « -- https://t.co/sV5Qgz9Bcq #tennis https://t.co/BHl1KHanGh,2999436016,Paris,tennis,https://t.co/sV5Qgz9Bcq,Lucas Pouille,0,0,23,6,8
81,2018-04-08 22:45:58,04/12 7pm ET Join @T2RSoapsReview @Take2RadioCrew @BarefootBlonde5 @Candypooh &amp; Anthony for a chat w/ #actors… https://t.co/PvicAdjdQ1,838947432,http://www.take2radio.com/,actors,https://t.co/PvicAdjdQ1,Kevin Anderson,3,2,22,6,8
82,2018-04-08 22:45:48,04/12 7pm ET Join @T2RSoapsReview @Take2RadioCrew @BarefootBlonde5 @Candypooh &amp; Anthony for a chat w/ #actors… https://t.co/2KXQxZesio,3392910947,United States,actors,https://t.co/2KXQxZesio,Kevin Anderson,3,2,22,6,8
83,2018-04-08 22:45:39,04/12 7pm ET Join @T2RSoapsReview @Take2RadioCrew @BarefootBlonde5 @Candypooh &amp; Anthony for a chat w/ #actors… https://t.co/jSQ55J6ZFc,29370892,Somewhere inside my head,actors,https://t.co/jSQ55J6ZFc,Kevin Anderson,1,1,22,6,8
126,2018-04-08 22:36:23,RT @AFPSport: Coupe Davis - Lucas Pouille bat Fognini et envoie la France en demi-finales #AFP https://t.co/YXt6CLGByJ https://t.co/qjWOlDQ…,102909494,,AFP,https://t.co/YXt6CLGByJ,Lucas Pouille,8,0,22,6,8
18,2018-04-08 22:17:02,"RT @SnezaCC: I wish... I wish... I wish... you know what I mean #Nolefam ????
https://t.co/2EW9WI1Eun",813581191047684096,"Belgrade, Republic of Serbia",Nolefam,https://t.co/2EW9WI1Eun,Novak Djokovic,10,0,22,6,8
19,2018-04-08 22:13:24,"RT @SnezaCC: I wish... I wish... I wish... you know what I mean #Nolefam ????
https://t.co/2EW9WI1Eun",790939557051109376,,Nolefam,https://t.co/2EW9WI1Eun,Novak Djokovic,10,0,22,6,8
86,2018-04-08 21:41:00,"Doubles win by Jack Sock, Ryan Harrison puts U.S. in #DavisCup semifinals: https://t.co/vw8uZxOiZa
#Tennis",3374876560,"Hallandale Beach, FL",DavisCup,https://t.co/vw8uZxOiZa,Jack Sock,0,1,21,6,8
127,2018-04-08 21:18:25,#CopaDavis | ¡El campeón sigue en pie! Lucas Pouille derrotó a Fabio Fognini por 2-6 6-1 7-6 y 6-3 para liquidar la… https://t.co/bFYrUoiu33,906026944654860289,"Mar del Plata, Argentina",CopaDavis,https://t.co/bFYrUoiu33,Lucas Pouille,0,0,21,6,8
20,2018-04-08 21:17:07,RT @RTS_Sport: .@DjokerNole na treningu sa Vajdom &gt;&gt; https://t.co/3uNAwSF1SR #Djokovic #rtsvesti https://t.co/R1FZzC15GX,3411013918,,Djokovic,https://t.co/3uNAwSF1SR,Novak Djokovic,9,0,21,6,8
30,2018-04-08 20:41:40,It's time for #SundaySpotlight and today we're introducing our #Pharmacy and #Retail recruiter for the Midlands and… https://t.co/RxiKwaMtp0,273417077,Nottingham,SundaySpotlight,https://t.co/RxiKwaMtp0,Andy Murray,1,2,20,6,8
128,2018-04-08 20:41:28,RT @pharedk: #LoonPlage Le Nordiste Lucas Pouille une nouvelle fois héros de la patrie en Coupe Davis #tennis ? https://t.co/yR3UnvV4v6,587708785,Loon-Plage,LoonPlage,https://t.co/yR3UnvV4v6,Lucas Pouille,4,0,20,6,8
21,2018-04-08 20:37:48,RT @RTS_Sport: .@DjokerNole na treningu sa Vajdom &gt;&gt; https://t.co/3uNAwSF1SR #Djokovic #rtsvesti https://t.co/R1FZzC15GX,813581191047684096,"Belgrade, Republic of Serbia",Djokovic,https://t.co/3uNAwSF1SR,Novak Djokovic,9,0,20,6,8
129,2018-04-08 20:32:43,RT @pharedk: #LoonPlage Le Nordiste Lucas Pouille une nouvelle fois héros de la patrie en Coupe Davis #tennis ? https://t.co/yR3UnvV4v6,117044965,Loon-Plage ,LoonPlage,https://t.co/yR3UnvV4v6,Lucas Pouille,4,0,20,6,8
22,2018-04-08 20:31:16,Novak Djokovic trains with former coach Marian Vajda after Andre Agassi split https://t.co/bosqm4hPQy  Reunion? #Djokovic #Vajda,818142689556332544,Bulgaria,Djokovic,https://t.co/bosqm4hPQy,Novak Djokovic,0,0,20,6,8
2,2018-04-08 20:20:20,"Grupo Mundial #CopaDavis - Cuartos de Final

Croacia ?? venció a Kazajistán ?? por 3-1. En el 4° punto, Marin Cilic… https://t.co/YHyUHp37M7",355280304,66 días al Mundial #Rusia2018,CopaDavis,https://t.co/YHyUHp37M7,Marin Cilic,0,0,20,6,8
3,2018-04-08 20:18:14,"Čestitamo našoj Davis cup reprezentaciji na ulazak u polufinale! 
Odličan meč @cilic_marin ! #DavisCup2018… https://t.co/SkVcySEktJ",914108809416777728,Hrvatska,DavisCup2018,https://t.co/SkVcySEktJ,Marin Cilic,1,1,20,6,8
130,2018-04-08 20:17:29,"Grupo Mundial #CopaDavis - Cuartos de Final

Francia ?? eliminó a Italia ?? por 3-1. Hoy, Lucas Pouille ?? venció a… https://t.co/uxQ5j8PrQH",355280304,66 días al Mundial #Rusia2018,CopaDavis,https://t.co/uxQ5j8PrQH,Lucas Pouille,0,1,20,6,8
4,2018-04-08 20:16:55,Marin #Cilic stormed past Mikhail #Kukushkin in the first of Sunday's reverse singles to propel Croatia into the Da… https://t.co/hwMBlnOde6,42869268,Tennis!,Cilic,https://t.co/hwMBlnOde6,Marin Cilic,3,10,20,6,8
23,2018-04-08 20:15:30,"RT @SnezaCC: I wish... I wish... I wish... you know what I mean #Nolefam ????
https://t.co/2EW9WI1Eun",2742998171,Haut de France,Nolefam,https://t.co/2EW9WI1Eun,Novak Djokovic,10,0,20,6,8
24,2018-04-08 20:02:42,RT @RTS_Sport: .@DjokerNole na treningu sa Vajdom &gt;&gt; https://t.co/3uNAwSF1SR #Djokovic #rtsvesti https://t.co/R1FZzC15GX,522400043,Bor,Djokovic,https://t.co/3uNAwSF1SR,Novak Djokovic,9,0,20,6,8
25,2018-04-08 19:21:34,"RT @SnezaCC: I wish... I wish... I wish... you know what I mean #Nolefam ????
https://t.co/2EW9WI1Eun",89330565,"sucre, bolivia",Nolefam,https://t.co/2EW9WI1Eun,Novak Djokovic,10,0,19,6,8
26,2018-04-08 19:18:36,"RT @SnezaCC: I wish... I wish... I wish... you know what I mean #Nolefam ????
https://t.co/2EW9WI1Eun",1959616662,Canada,Nolefam,https://t.co/2EW9WI1Eun,Novak Djokovic,10,0,19,6,8
27,2018-04-08 19:10:57,"RT @SnezaCC: I wish... I wish... I wish... you know what I mean #Nolefam ????
https://t.co/2EW9WI1Eun",922188975955169281,,Nolefam,https://t.co/2EW9WI1Eun,Novak Djokovic,10,0,19,6,8
31,2018-04-08 19:08:24,"Any word on the #masters2018 ? 

I don't watch #Golf and have no interest in it, but i would like to know if… https://t.co/qiFYwdi5rX",239830880,South of Purgatory,masters2018,https://t.co/qiFYwdi5rX,Andy Murray,1,2,19,6,8
28,2018-04-08 19:07:39,This is how it should be #IdemoooTeamDjokovic??♥️??❤️?☘️??Novak Djokovic trains with former coach Marian Vajda afte… https://t.co/tZErwZhnIS,1959616662,Canada,IdemoooTeamDjokovic,https://t.co/tZErwZhnIS,Novak Djokovic,0,8,19,6,8
5,2018-04-08 18:11:03,"#DavisCup

Definidas las Semifinales del Grupo Mundial de Copa Davis (14-16 Septiembre):

Francia ?? vs España ??
C… https://t.co/UnfzywQFeZ",511301235,Guadalajara - CDMX,DavisCup,https://t.co/UnfzywQFeZ,Marin Cilic,0,1,18,6,8
87,2018-04-08 18:11:03,"#DavisCup

Definidas las Semifinales del Grupo Mundial de Copa Davis (14-16 Septiembre):

Francia ?? vs España ??
C… https://t.co/UnfzywQFeZ",511301235,Guadalajara - CDMX,DavisCup,https://t.co/UnfzywQFeZ,Jack Sock,0,1,18,6,8
6,2018-04-08 16:16:00,Marin Cilic mete a Croacia en semifinales de la Copa Davis https://t.co/rfsa5R1s59 #tenis,820011278735409153,"Barcelona, Catalunya",tenis,https://t.co/rfsa5R1s59,Marin Cilic,0,0,16,6,8
7,2018-04-08 16:12:31,"#CROKAZ Todo es abrazos y festejos para Croacia, uno de los semifinalistas de la #CopaDavis de la mano de… https://t.co/xpe0MCD5eG",117713581,Global,CROKAZ,https://t.co/xpe0MCD5eG,Marin Cilic,7,23,16,6,8
8,2018-04-08 16:08:54,"#Tenis | Marin Cilic lleva a Croacia a semifinales de Copa Davis 

https://t.co/1r891onxma https://t.co/7EuyA2mz0f",248725806,"Bogotá, Colombia",Tenis,https://t.co/1r891onxma,Marin Cilic,0,2,16,6,8
39,2018-04-08 15:27:56,#daviscup Must survive !!!!!! @leytonhewitt @cilic_marin @RafaelNadal @la_pouille @AlexZverev12 @JohnIsner… https://t.co/jk6czbyAq0,614071115,,daviscup,https://t.co/jk6czbyAq0,David Goffin,0,2,15,6,8
88,2018-04-08 15:20:18,"#USA-BEL: The United States leaves #Belgium

After two wins in the first singles, the pair of Jack Sock and Ryan Ha… https://t.co/msSZJbSbjT",2657856787,,USA,https://t.co/msSZJbSbjT,Jack Sock,0,0,15,6,8
32,2018-04-08 14:36:21,.@andy_murray How many more months do the Ratcliffes have to endure this nightmare. Help #FreeNazanin by signing &amp;… https://t.co/sk74L4LZsW,731846975872761858,,FreeNazanin,https://t.co/sk74L4LZsW,Andy Murray,3,0,14,6,8
33,2018-04-08 10:00:16,Who’s your money on @Andy_murray or a mosquito? Share to declare that #MalariaMustDie so millions can live.… https://t.co/5e5pzwvjQp,948592365001986048,,MalariaMustDie,https://t.co/5e5pzwvjQp,Andy Murray,14,37,10,6,8
40,2018-04-08 07:32:04,"#CoupeDavis : les Etats-Unis premiers qualifiés pour les 1/2 finales après leur victoire (3-0) contre la Belgique,… https://t.co/jbqhh1ZBvT",881942460041220097,,CoupeDavis,https://t.co/jbqhh1ZBvT,David Goffin,0,0,7,6,8
89,2018-04-08 05:45:09,"#CopaDavis #GrupoMundial #USABEL
Ryan Harrison y Jack Sock liquidaron la serie 3-0 para el equipo estadounidense, d… https://t.co/xRRmQX88gt",816800112752074752,,CopaDavis,https://t.co/xRRmQX88gt,Jack Sock,0,0,5,6,8
90,2018-04-08 04:02:00,"Sock, Harrison put U.S. in Davis Cup semis https://t.co/r7oI5fnTiw #tennis",820011278735409153,"Barcelona, Catalunya",tennis,https://t.co/r7oI5fnTiw,Jack Sock,0,1,4,6,8
131,2018-04-08 03:32:18,RT @blacq2: Nishikori withdraws from Australian Open (Reuters) - Japan's Kei Nishikori https://t.co/0DqCwTgS0D #martialarts #2snapchat @sil…,1464643573,"Teruel, Aragón",martialarts,https://t.co/0DqCwTgS0D,Kei Nishikori,1,0,3,6,8
132,2018-04-08 03:28:24,Nishikori withdraws from Australian Open (Reuters) - Japan's Kei Nishikori https://t.co/0DqCwTgS0D #martialarts #2snapchat @silewconsulting,56246250,United States,martialarts,https://t.co/0DqCwTgS0D,Kei Nishikori,1,0,3,6,8
91,2018-04-08 02:46:04,"?Team USA into #DavisCup SFs! Thanks to the doubles win by Ryan Harrison &amp; Jack Sock, Team USA clinched the Davis C… https://t.co/lX0P7S3ckh",1469717778,,DavisCup,https://t.co/lX0P7S3ckh,Jack Sock,0,0,2,6,8
92,2018-04-08 02:43:36,USA ?? are the first team into the #DavisCup semi-finals in 2018 after Jack Sock and Ryan Harrison won Saturday's d… https://t.co/RP3RCoHZVm,42869268,Tennis!,DavisCup,https://t.co/RP3RCoHZVm,Jack Sock,3,5,2,6,8
93,2018-04-08 02:22:56,"#Tenis ? | Por los cuartos de final de la #CopaDavis, Jack Sock y Ryan Harrison derrotaron por 5-7, 7-6(1), 7-6(3)… https://t.co/x7b9QbdwfH",3497278409,FM La Patriada,Tenis,https://t.co/x7b9QbdwfH,Jack Sock,0,0,2,6,8
94,2018-04-08 02:12:46,#CopaDavis ¡A semifinales! #EstadosUnidos cerró la serie ante #Bélgica con el triunfo de Jack Sock y Ryan Harrison… https://t.co/5Tq68QOmKa,48245440,,CopaDavis,https://t.co/5Tq68QOmKa,Jack Sock,8,29,2,6,8
95,2018-04-08 01:52:05,"A doubles win by Ryan Harrison and Jack Sock clinched the #DavisCup tie for Team USA 3-0 over Belgium, and secured… https://t.co/3nRkbLxfny",71432253,"Seminole, Florida",DavisCup,https://t.co/3nRkbLxfny,Jack Sock,1,1,1,6,8
96,2018-04-08 01:04:35,"Quart de finale USA/Belgique de #DavisCup 3/0, double: Ryan Harrison/Jack Sock battent Sander GILLE/Jordan VLIEGEN… https://t.co/H3TXYGdhK7",211475875,,DavisCup,https://t.co/H3TXYGdhK7,Jack Sock,3,4,1,6,8
97,2018-04-08 00:40:25,#CopaDavis | QF: Jack Sock y Ryan Harrison vencieron a los belgas Sander Gilles y Joran Vlieng 5-7 7-6(1) 7-6(3) 6-… https://t.co/RaKnzEH8lU,827042506802069504,,CopaDavis,https://t.co/RaKnzEH8lU,Jack Sock,0,0,24,6,8
98,2018-04-08 00:31:45,#CopaDavis | QF: Jack Sock y Ryan Harrison vencieron a los belgas Sander Gilles y Joran Vlieng 5-7 7-6(1) 7-6(3) 6-… https://t.co/idtMs4xYKU,4886997329,Ciudad Autónoma de Buenos Aire,CopaDavis,https://t.co/idtMs4xYKU,Jack Sock,0,1,24,6,8
99,2018-04-08 00:12:08,Ryan Harrison and Jack Sock clinch 3-0 win over Belgium in front of a very spirited #DavisCup crowd in Nashville to… https://t.co/pbZabx8U0G,27678661,New York,DavisCup,https://t.co/pbZabx8U0G,Jack Sock,2,2,24,6,8
100,2018-04-07 23:32:23,"Tennis Watch - Davis Cup, Jack Sock #SockWinnerSpeeds, WOW! #JMCVsports  #JMCVdaily #SportsDaily #SportsJunkie… https://t.co/hioGvN15kr",3061460756,,SockWinnerSpeeds,https://t.co/hioGvN15kr,Jack Sock,0,0,23,6,7
101,2018-04-07 20:50:56,".@JohnIsner, Sam Querrey put U.S. on verge of #DavisCup semifinal berth: https://t.co/8NEqgIxQ8s
#Tennis",3374876560,"Hallandale Beach, FL",DavisCup,https://t.co/8NEqgIxQ8s,Sam Querrey,0,1,20,6,7
84,2018-04-07 17:58:54,"Kevin ""O-Dog"" Anderson @larenztate #MenaceIISociety #ODog #Menace2Society #LarenzTate #Watts… https://t.co/T8dXEe9WuR",775912933,Somewhere Making Change,MenaceIISociety,https://t.co/T8dXEe9WuR,Kevin Anderson,0,0,17,6,7
77,2018-04-07 15:21:38,"#CoupeDavis : après avoir remporté le point du double, le 317e mondial Jürgen #Melzer, qu'on croyait à la retraite,… https://t.co/8wfoqUgq6y",881942460041220097,,CoupeDavis,https://t.co/8wfoqUgq6y,Dominic Thiem,0,0,15,0,7
66,2018-04-07 15:19:58,Dimitrov and Cilic to play at Queen's LONDON (Reuters) - Bulgarian Grigor https://t.co/3EGhSSSsDQ #martialarts #2snapchat @silewconsulting,56246250,United States,martialarts,https://t.co/3EGhSSSsDQ,Grigor Dimitrov,0,0,15,5,7
102,2018-04-07 14:47:00,"UNBELIEVABLE #RogerFederer is able to hit shots that do not exist in tennis' book - says Sam Querrey.
https://t.co/yhJ6SndS4e",848003961810542592,,RogerFederer,https://t.co/yhJ6SndS4e,Sam Querrey,3,15,14,6,7
103,2018-04-07 14:35:08,The USA are in command of their Davis Cup quarter final against Belgium following wins for John #Isner and Sam… https://t.co/gA7pY3EPEV,42869268,Tennis!,Isner,https://t.co/gA7pY3EPEV,Sam Querrey,1,4,14,5,7
85,2018-04-07 14:12:43,South Africa:Kevin Anderson Reaches Miami Quarter-Finals - https://t.co/fhLnvRJXws #Africa #news,204707276,Africa,Africa,https://t.co/fhLnvRJXws,Kevin Anderson,1,0,14,6,7
109,2018-04-07 12:32:31,"Stan Wawrinka - Top 10 Cannonballs Shots

https://t.co/I4NmZ7IHVL

#Wawrinka #StanTheMan",4228798693,"Basel, Schweiz",Wawrinka,https://t.co/I4NmZ7IHVL,Stan Wawrinka,0,11,12,5,7
104,2018-04-07 09:17:07,Tennis:Belgique&gt;Coupe Davis | De Loore proche de l'exploit contre- https://t.co/bAEkGTm3At #tennis https://t.co/RwJ8une6am,604842991,,tennis,https://t.co/bAEkGTm3At,Sam Querrey,0,0,9,5,7
105,2018-04-07 08:25:54,#CoupeDavis : les Américains mènent 2-0 à l’issue de la première journée face à la Belgique grâce aux victoires en… https://t.co/kZPgi1B0KB,881942460041220097,,CoupeDavis,https://t.co/kZPgi1B0KB,Sam Querrey,0,0,8,5,7
41,2018-04-07 07:34:20,RT @ROLEXMCMASTERS: Practice on Court Rainier III for @david__goffin #rolexmcmasters #mccc #Comingsoon https://t.co/OwoLJhEjpP https://t.co…,2186146144,WORLD EARTH PEACE,rolexmcmasters,https://t.co/OwoLJhEjpP,David Goffin,2,0,7,5,7
106,2018-04-07 03:54:05,That's all for #DavisCup Day One! John Isner and Sam Querrey gave the United States a 2-0 lead over Belgium to end… https://t.co/0T6HIv9ukk,16522486,"Nashville, Tenn.",DavisCup,https://t.co/0T6HIv9ukk,Sam Querrey,2,4,3,5,7
107,2018-04-07 03:11:12,#CopaDavis | QF: Sam Querrey supera a Ruben Bemelmans 6-1 7-6(5) 7-5 y Estados Unidos sella el 2-0 parcial ante Bél… https://t.co/5uUlDrYCMt,4886997329,Ciudad Autónoma de Buenos Aire,CopaDavis,https://t.co/5uUlDrYCMt,Sam Querrey,0,0,3,5,7
108,2018-04-07 03:05:57,"Sam Querrey gives #TeamUSA a 2-0 #DavisCup QF lead over Belgium with a 6-1, 7-6, 7-5 win against world No. 110 Rube… https://t.co/stNz3P4DUS",409738504,"Brooklyn, New York",TeamUSA,https://t.co/stNz3P4DUS,Sam Querrey,2,19,3,5,7
42,2018-04-06 23:35:05,"In Marseille, @David__Goffin and @stanwawrinka did it. Next week in Marrakech, @kyle8edmund will do it.
#PlayersBox… https://t.co/74OSdkxt3a",814801679778344960,Wherever there's a court,PlayersBox,https://t.co/74OSdkxt3a,David Goffin,2,0,23,4,6
67,2018-04-06 18:29:54,The best boy and the best player ??? @GrigorDimitrov #monaco #montecarlo #montecarlorolexmasters #tennis #GD… https://t.co/wRzX47MiXi,967316083102363648,Monaco,monaco,https://t.co/wRzX47MiXi,Grigor Dimitrov,0,1,18,4,6
68,2018-04-06 18:04:10,The best boy and the best player ??? @GrigorDimitrov #monaco #montecarlo #montecarlorolexmasters #tennis #GD… https://t.co/7GLRs54WQN,967316083102363648,Monaco,monaco,https://t.co/7GLRs54WQN,Grigor Dimitrov,0,2,18,4,6
69,2018-04-06 18:02:53,The best boy and the best player ??? @GrigorDimitrov #monaco #montecarlo #montecarlorolexmasters #tennis #GD… https://t.co/3FCa2WrdRt,967316083102363648,Monaco,monaco,https://t.co/3FCa2WrdRt,Grigor Dimitrov,0,3,18,4,6
78,2018-04-06 14:43:43,"#CoupeDavis : en groupe 1 Europe, Andrey #Rublev (35e) s'incline contre le 195e mondial Dennis #Novak. L'Autriche,… https://t.co/dtTSK05EKo",881942460041220097,,CoupeDavis,https://t.co/dtTSK05EKo,Dominic Thiem,0,0,14,0,6
70,2018-04-06 13:40:58,Practice makes perfect ??? @GrigorDimitrov #monaco #montecarlo #montecarlorolexmasters #tennis #GD #grigor… https://t.co/fWl88TVEck,967316083102363648,Monaco,monaco,https://t.co/fWl88TVEck,Grigor Dimitrov,0,7,13,4,6
43,2018-04-06 13:15:04,David Goffin was out door oogblessure. Hij had het nochtans kunnen voorkomen. #eyeweareverywhere #oogblessure… https://t.co/dDIlF1Mx78,270079495,BELGIUM,eyeweareverywhere,https://t.co/dDIlF1Mx78,David Goffin,0,0,13,4,6
71,2018-04-06 11:26:39,Training ??? @GrigorDimitrov #monaco #montecarlo #montecarlorolexmasters #tennis #GD #grigor #dimitrov… https://t.co/pfh90443xR,967316083102363648,Monaco,monaco,https://t.co/pfh90443xR,Grigor Dimitrov,0,7,11,4,6
72,2018-04-06 09:15:52,☺?? @GrigorDimitrov #monaco #montecarlo #montecarlorolexmasters #tennis #GD #grigor #dimitrov #grigordimitrov… https://t.co/mVV3Y57RtJ,967316083102363648,Monaco,monaco,https://t.co/mVV3Y57RtJ,Grigor Dimitrov,0,4,9,4,6
44,2018-04-05 23:15:49,"#CopaDavis Estados Unidos ?? vs Bélgica ??

Sin David Goffin ??, los belgas irán en búsqueda de la hazaña frente al… https://t.co/AHKdZs1vn8",927397425521872896,Argentina,CopaDavis,https://t.co/AHKdZs1vn8,David Goffin,1,1,23,3,5
45,2018-04-05 21:31:48,RT @ROLEXMCMASTERS: Practice on Court Rainier III for @david__goffin #rolexmcmasters #mccc #Comingsoon https://t.co/OwoLJhEjpP https://t.co…,19797994,,rolexmcmasters,https://t.co/OwoLJhEjpP,David Goffin,7,0,21,3,5
79,2018-04-05 21:00:01,"#TENISxESPN #LaGiraSoñada Roland Garros contará con tres retadores a Rafael Nadal: Dominic Thiem, Stanislas Wawrink… https://t.co/nPujaonYst",48245440,,TENISxESPN,https://t.co/nPujaonYst,Dominic Thiem,6,20,21,6,5
133,2018-04-05 15:59:48,"50 for 50: 

@cilic_marin shed the underachieving moniker at the 2014 #USOpen, defeating Kei Nishikori in spectacul… https://t.co/HILIojV6LH",14836197,"Flushing Meadows, New York",USOpen,https://t.co/HILIojV6LH,Kei Nishikori,6,52,15,6,5
46,2018-04-05 15:59:32,There is an endless stream of songwriting teams (duos) that have inspired me with lyrics and music. From #Taupin-Jo… https://t.co/L6MgpcnmlV,24285208,"Calgary, Alberta",Taupin,https://t.co/L6MgpcnmlV,David Goffin,0,0,15,3,5
47,2018-04-05 15:38:18,RT @ROLEXMCMASTERS: Practice on Court Rainier III for @david__goffin #rolexmcmasters #mccc #Comingsoon https://t.co/OwoLJhEjpP https://t.co…,487818953,Hangzhou,rolexmcmasters,https://t.co/OwoLJhEjpP,David Goffin,7,0,15,3,5
48,2018-04-05 14:33:23,RT @ROLEXMCMASTERS: Practice on Court Rainier III for @david__goffin #rolexmcmasters #mccc #Comingsoon https://t.co/OwoLJhEjpP https://t.co…,771946625220608000,,rolexmcmasters,https://t.co/OwoLJhEjpP,David Goffin,2,0,14,3,5
110,2018-04-05 14:08:15,"Stan Wawrinka ? Jo-Wilfried Tsonga ??
amazing shot from @stanwawrinka85 ??

#Wawrinka #Tsonga @tsongaofficiel… https://t.co/yx6qGJGo7w",108759356,"San Diego, CA",Wawrinka,https://t.co/yx6qGJGo7w,Stan Wawrinka,0,2,14,5,5
49,2018-04-05 13:25:57,RT @ROLEXMCMASTERS: Practice on Court Rainier III for @david__goffin #rolexmcmasters #mccc #Comingsoon https://t.co/OwoLJhEjpP https://t.co…,3196931725,日本,rolexmcmasters,https://t.co/OwoLJhEjpP,David Goffin,7,0,13,3,5
50,2018-04-05 12:57:45,RT @ROLEXMCMASTERS: Practice on Court Rainier III for @david__goffin #rolexmcmasters #mccc #Comingsoon https://t.co/OwoLJhEjpP https://t.co…,789732304725815296,Tokyo Japan,rolexmcmasters,https://t.co/OwoLJhEjpP,David Goffin,7,0,12,3,5
51,2018-04-05 12:56:35,RT @LeedsTennis: Practice on Court Rainier III with @david__goffin #rolexmcmasters #mccc #Comingsoon https://t.co/QE4Q93rpwv https://t.co/9…,1014421435,,rolexmcmasters,https://t.co/QE4Q93rpwv,David Goffin,1,0,12,3,5
52,2018-04-05 11:52:28,RT @ROLEXMCMASTERS: Practice on Court Rainier III for @david__goffin #rolexmcmasters #mccc #Comingsoon https://t.co/OwoLJhEjpP https://t.co…,699368028245364736,日本 広島,rolexmcmasters,https://t.co/OwoLJhEjpP,David Goffin,7,0,11,3,5
53,2018-04-05 11:50:29,RT @ROLEXMCMASTERS: Practice on Court Rainier III for @david__goffin #rolexmcmasters #mccc #Comingsoon https://t.co/OwoLJhEjpP https://t.co…,765354316567805952,,rolexmcmasters,https://t.co/OwoLJhEjpP,David Goffin,7,0,11,3,5
54,2018-04-05 10:09:14,RT @ROLEXMCMASTERS: Practice on Court Rainier III for @david__goffin #rolexmcmasters #mccc #Comingsoon https://t.co/OwoLJhEjpP https://t.co…,473866479,"Tokyo, JAPAN",rolexmcmasters,https://t.co/OwoLJhEjpP,David Goffin,7,0,10,3,5
111,2018-04-05 09:41:29,#PlaceEnGardeAVue ça étonne qui ? le mec avait été remis en place par Stan Wawrinka par le passé au Masters 1000 de… https://t.co/6srqiPzGOt,965918466044809216,Monts T’aebaek,PlaceEnGardeAVue,https://t.co/6srqiPzGOt,Stan Wawrinka,0,1,9,5,5
55,2018-04-05 09:40:22,Practice on Court Rainier III with @david__goffin #rolexmcmasters #mccc #Comingsoon https://t.co/QE4Q93rpwv https://t.co/9QnU22Tumv,2891281241,Leeds. United Kingdom.,rolexmcmasters,https://t.co/QE4Q93rpwv,David Goffin,1,1,9,3,5
56,2018-04-05 09:31:51,Practice on Court Rainier III for @david__goffin #rolexmcmasters #mccc #Comingsoon https://t.co/OwoLJhEjpP https://t.co/dknAnYXg1v,2219950722,Monaco,rolexmcmasters,https://t.co/OwoLJhEjpP,David Goffin,7,25,9,3,5
57,2018-04-05 09:31:49,Practice on Court Rainier III for @david__goffin #rolexmcmasters #mccc #Comingsoon https://t.co/OwoLJhEjpP https://t.co/p1R05OsyvL,2219950722,Monaco,rolexmcmasters,https://t.co/OwoLJhEjpP,David Goffin,2,10,9,3,5
80,2018-04-04 14:39:42,"✅ Dominic Thiem, el último campeón del #ArgentinaOpen ?

? En su paso por Argentina, el actual Nº7 del mundo habló… https://t.co/bJhNf7nk5H",746481602381910016,Ciudad Autónoma de Buenos Aire,ArgentinaOpen,https://t.co/bJhNf7nk5H,Dominic Thiem,4,13,14,5,4
58,2018-04-04 14:26:13,RT @tennisplazabenl: .@David__Goffin werkt aan terugkeer in Monaco: https://t.co/2GST6gjgeh #tennis #atp,4801632014,"Tokyo, Japan",tennis,https://t.co/2GST6gjgeh,David Goffin,1,0,14,2,4
59,2018-04-04 14:20:49,.@David__Goffin werkt aan terugkeer in Monaco: https://t.co/2GST6gjgeh #tennis #atp,738282594,België,tennis,https://t.co/2GST6gjgeh,David Goffin,1,2,14,2,4
73,2018-04-04 14:07:13,#NotasDeImpacto Hijo de David Beckham buscaría ser tenista profesional. Romeo Beckham tuvo la oportunidad de entren… https://t.co/tywm7AGLnA,32620600,"Houston, TX, USA",NotasDeImpacto,https://t.co/tywm7AGLnA,Grigor Dimitrov,0,11,14,2,4
60,2018-04-04 10:26:36,"Tennis &gt; Sport&gt;""J'ai été bluffé par David Goffin"": Xavier Malisse..https://t.co/jpVqxIJmiW #tennis https://t.co/b818DvWFWQ",604842991,,tennis,https://t.co/jpVqxIJmiW,David Goffin,0,0,10,2,4
134,2018-04-03 23:07:20,"RT @Eustoma8: Kei Nishikori 

#keinishikori 
#nycblive 
#nyopen 
#nyopentennis 

https://t.co/n1g3KEdNhL https://t.co/LlSKl7Bjr1",864096581712138240,,keinishikori,https://t.co/n1g3KEdNhL,Kei Nishikori,6,0,23,6,3
112,2018-04-03 14:28:17,ATP - Monte-Carlo - Stan Wawrinka wild-card de luxe? - https://t.co/1meZ1tv2c7 #GoogleAlerts,542407421,Paris,GoogleAlerts,https://t.co/1meZ1tv2c7,Stan Wawrinka,0,0,14,5,3
113,2018-04-03 14:24:19,RT @TennisActu: ATP - Monte-Carlo : Stan Wawrinka wild-card de luxe? #rolexmcmasters #wawrinka #federer https://t.co/AOertajGut,2366639865,India,rolexmcmasters,https://t.co/AOertajGut,Stan Wawrinka,5,0,14,3,3
114,2018-04-03 10:58:00,ATP - Monte-Carlo : Stan Wawrinka... wild-card de luxe ? #RolexMCMasters #Wawrinka #Federer #MonteCarlo #RG https://t.co/VBfFKjl3fG,383123103,Europe,RolexMCMasters,https://t.co/VBfFKjl3fG,Stan Wawrinka,5,12,10,3,3
61,2018-04-03 10:10:11,Koreas tennis sensation Chung Hyeon ranked 19th in latest ATP rankings | #Tennis https://t.co/Eqe9FqNHHh,4925115757,,Tennis,https://t.co/Eqe9FqNHHh,Hyeon Chung,0,0,10,1,3
115,2018-04-03 08:05:33,RT @TennisActu: ATP - Monte-Carlo : Stan Wawrinka wild-card de luxe? #rolexmcmasters #wawrinka #federer https://t.co/AOertajGut,1949984354,,rolexmcmasters,https://t.co/AOertajGut,Stan Wawrinka,5,0,8,1,3
62,2018-04-03 07:58:36,Chung Hyeon In The Top 20 #ATP World Ranking - DAVERY XTRA - https://t.co/ejFATiq3Me #SPORTS #BBNAIJA #CHUNGHYEON… https://t.co/uKKlE8WAd4,946783802264817664,www.daveryxtra.com,ATP,https://t.co/ejFATiq3Me,Hyeon Chung,0,1,7,1,3
63,2018-04-03 07:58:36,Chung Hyeon In The Top 20 #ATP World Ranking - DAVERY XTRA - https://t.co/ejFATiq3Me #SPORTS #BBNAIJA #CHUNGHYEON… https://t.co/uKKlE8WAd4,946783802264817664,www.daveryxtra.com,SPORTS,https://t.co/ejFATiq3Me,Hyeon Chung,0,1,7,1,3
64,2018-04-03 07:35:10,#Breaking Rafael Nadal reclaims top position in men's ATP rankings replacing Roger Federer; Hyeon Chung breaks into… https://t.co/JXVtKlHfX2,2189730625,India,Breaking,https://t.co/JXVtKlHfX2,Hyeon Chung,0,0,7,1,3
116,2018-04-03 05:06:22,RT @TennisActu: ATP - Monte-Carlo : Stan Wawrinka wild-card de luxe? #rolexmcmasters #wawrinka #federer https://t.co/AOertajGut,844592023420260352,"Narbonne, France",rolexmcmasters,https://t.co/AOertajGut,Stan Wawrinka,5,0,5,1,3
117,2018-04-02 20:52:24,RT @TennisActu: ATP - Monte-Carlo : Stan Wawrinka wild-card de luxe? #rolexmcmasters #wawrinka #federer https://t.co/AOertajGut,208586748,"Boulogne-Billancourt, Ile-de-France",rolexmcmasters,https://t.co/AOertajGut,Stan Wawrinka,5,0,20,1,2
118,2018-04-02 20:45:54,RT @TennisActu: ATP - Monte-Carlo : Stan Wawrinka wild-card de luxe? #rolexmcmasters #wawrinka #federer https://t.co/AOertajGut,227745356,Paris,rolexmcmasters,https://t.co/AOertajGut,Stan Wawrinka,5,0,20,1,2
119,2018-04-02 20:37:59,ATP - Monte-Carlo : Stan Wawrinka wild-card de luxe? #rolexmcmasters #wawrinka #federer https://t.co/AOertajGut,383123103,Europe,rolexmcmasters,https://t.co/AOertajGut,Stan Wawrinka,5,17,20,1,2
135,2018-04-02 17:25:31,"RT @pimpmytennis: .@keinishikori caught a big fish ? King of the lake!
FreeHD➜ https://t.co/hwymOaR5uj
#MountFuji #AprilFoolDay #Fujiyama #…",3128852586,,MountFuji,https://t.co/hwymOaR5uj,Kei Nishikori,4,0,17,6,2
65,2018-04-02 16:45:29,"#RaceToLondon

1) Roger Federer (3.110)
2) Juan Martín del Potro (2.120)
3) Marin Cilic (1.470)
4) Hyeon Chung (1.2… https://t.co/WAbmLJKRxC",1960958143,,RaceToLondon,https://t.co/WAbmLJKRxC,Hyeon Chung,0,0,16,0,2
,,,,,,,,,,,,
,,,,,,,,,,,,
,,,,,,,,,,,,
,,,,,,,,,,,,
,,,,,,,,,,,,
,,,,,,,,,,,,
,,,,,,,,,,,,
,,,,,,,,,,,,
,,,,,,,,,,,,
,,,,,,,,,,,,
,,,,,,,,,,,,
,,,,,,,,,,,,
,,,,,,,,,,,,
,,,,,,,,,,,,
,,,,,,,,,,,,
,,,,,,,,,,,,
,,,,,,,,,,,,
,,,,,,,,,,,,
,,,,,,,,,,,,
,,,,,,,,,,,,
,,,,,,,,,,,,
,,,,,,,,,,,,
,,,,,,,,,,,,
,,,,,,,,,,,,
,,,,,,,,,,,,
,,,,,,,,,,,,
,,,,,,,,,,,,
,,,,,,,,,,,,
,,,,,,,,,,,,
,,,,,,,,,,,,
,,,,,,,,,,,,
,,,,,,,,,,,,
,,,,,,,,,,,,
,,,,,,,,,,,,
,,,,,,,,,,,,
,,,,,,,,,,,,
,,,,,,,,,,,,
,,,,,,,,,,,,
,,,,,,,,,,,,
,,,,,,,,,,,,
,,,,,,,,,,,,
,,,,,,,,,,,,
,,,,,,,,,,,,
,,,,,,,,,,,,
,,,,,,,,,,,,
,,,,,,,,,,,,
,,,,,,,,,,,,
,,,,,,,,,,,,
,,,,,,,,,,,,
,,,,,,,,,,,,
,,,,,,,,,,,,
,,,,,,,,,,,,
,,,,,,,,,,,,
,,,,,,,,,,,,
,,,,,,,,,,,,
,,,,,,,,,,,,
,,,,,,,,,,,,
,,,,,,,,,,,,
,,,,,,,,,,,,
,,,,,,,,,,,,
,,,,,,,,,,,,
,,,,,,,,,,,,
,,,,,,,,,,,,
,,,,,,,,,,,,
,,,,,,,,,,,,
,,,,,,,,,,,,
,,,,,,,,,,,,
,,,,,,,,,,,,
,,,,,,,,,,,,
,,,,,,,,,,,,
,,,,,,,,,,,,
,,,,,,,,,,,,
,,,,,,,,,,,,
,,,,,,,,,,,,
,,,,,,,,,,,,
,,,,,,,,,,,,
,,,,,,,,,,,,
,,,,,,,,,,,,
,,,,,,,,,,,,
,,,,,,,,,,,,
,,,,,,,,,,,,
,,,,,,,,,,,,
,,,,,,,,,,,,
,,,,,,,,,,,,
,,,,,,,,,,,,
,,,,,,,,,,,,
,,,,,,,,,,,,
,,,,,,,,,,,,
,,,,,,,,,,,,
,,,,,,,,,,,,
,,,,,,,,,,,,
,,,,,,,,,,,,
,,,,,,,,,,,,
,,,,,,,,,,,,
,,,,,,,,,,,,
,,,,,,,,,,,,
,,,,,,,,,,,,
,,,,,,,,,,,,
,,,,,,,,,,,,
,,,,,,,,,,,,
,,,,,,,,,,,,
,,,,,,,,,,,,
,,,,,,,,,,,,
,,,,,,,,,,,,
,,,,,,,,,,,,
,,,,,,,,,,,,
,,,,,,,,,,,,
,,,,,,,,,,,,
,,,,,,,,,,,,
,,,,,,,,,,,,
,,,,,,,,,,,,
,,,,,,,,,,,,
,,,,,,,,,,,,
,,,,,,,,,,,,
,,,,,,,,,,,,
,,,,,,,,,,,,
,,,,,,,,,,,,
,,,,,,,,,,,,
,,,,,,,,,,,,
,,,,,,,,,,,,
,,,,,,,,,,,,
,,,,,,,,,,,,
,,,,,,,,,,,,
,,,,,,,,,,,,
,,,,,,,,,,,,
,,,,,,,,,,,,
,,,,,,,,,,,,
,,,,,,,,,,,,
,,,,,,,,,,,,
,,,,,,,,,,,,
,,,,,,,,,,,,
,,,,,,,,,,,,
,,,,,,,,,,,,
,,,,,,,,,,,,
,,,,,,,,,,,,
,,,,,,,,,,,,
,,,,,,,,,,,,
,,,,,,,,,,,,
,,,,,,,,,,,,
,,,,,,,,,,,,
,,,,,,,,,,,,
,,,,,,,,,,,,
,,,,,,,,,,,,
,,,,,,,,,,,,
,,,,,,,,,,,,
,,,,,,,,,,,,
,,,,,,,,,,,,
,,,,,,,,,,,,
,,,,,,,,,,,,
,,,,,,,,,,,,
,,,,,,,,,,,,
,,,,,,,,,,,,
,,,,,,,,,,,,
,,,,,,,,,,,,
,,,,,,,,,,,,
,,,,,,,,,,,,
,,,,,,,,,,,,
,,,,,,,,,,,,
,,,,,,,,,,,,
,,,,,,,,,,,,
,,,,,,,,,,,,
,,,,,,,,,,,,
,,,,,,,,,,,,
,,,,,,,,,,,,
,,,,,,,,,,,,
,,,,,,,,,,,,
,,,,,,,,,,,,
,,,,,,,,,,,,
,,,,,,,,,,,,
,,,,,,,,,,,,
,,,,,,,,,,,,
,,,,,,,,,,,,
,,,,,,,,,,,,
,,,,,,,,,,,,
,,,,,,,,,,,,
,,,,,,,,,,,,
,,,,,,,,,,,,
,,,,,,,,,,,,
,,,,,,,,,,,,
,,,,,,,,,,,,
,,,,,,,,,,,,
,,,,,,,,,,,,
,,,,,,,,,,,,
,,,,,,,,,,,,
,,,,,,,,,,,,
,,,,,,,,,,,,
,,,,,,,,,,,,
,,,,,,,,,,,,
,,,,,,,,,,,,
,,,,,,,,,,,,
,,,,,,,,,,,,
,,,,,,,,,,,,
,,,,,,,,,,,,
,,,,,,,,,,,,
,,,,,,,,,,,,
,,,,,,,,,,,,
,,,,,,,,,,,,
,,,,,,,,,,,,
,,,,,,,,,,,,
,,,,,,,,,,,,
,,,,,,,,,,,,
,,,,,,,,,,,,
,,,,,,,,,,,,
,,,,,,,,,,,,
,,,,,,,,,,,,
,,,,,,,,,,,,
,,,,,,,,,,,,
,,,,,,,,,,,,
,,,,,,,,,,,,
,,,,,,,,,,,,
,,,,,,,,,,,,
,,,,,,,,,,,,
,,,,,,,,,,,,
,,,,,,,,,,,,
,,,,,,,,,,,,
,,,,,,,,,,,,
,,,,,,,,,,,,
,,,,,,,,,,,,
,,,,,,,,,,,,
,,,,,,,,,,,,
,,,,,,,,,,,,
,,,,,,,,,,,,
,,,,,,,,,,,,
,,,,,,,,,,,,
,,,,,,,,,,,,
,,,,,,,,,,,,
,,,,,,,,,,,,
,,,,,,,,,,,,
,,,,,,,,,,,,
,,,,,,,,,,,,
,,,,,,,,,,,,
,,,,,,,,,,,,
,,,,,,,,,,,,
,,,,,,,,,,,,
,,,,,,,,,,,,
,,,,,,,,,,,,
,,,,,,,,,,,,
,,,,,,,,,,,,
,,,,,,,,,,,,
,,,,,,,,,,,,
,,,,,,,,,,,,
,,,,,,,,,,,,
,,,,,,,,,,,,
,,,,,,,,,,,,
,,,,,,,,,,,,
,,,,,,,,,,,,
,,,,,,,,,,,,
,,,,,,,,,,,,
,,,,,,,,,,,,
,,,,,,,,,,,,
,,,,,,,,,,,,
,,,,,,,,,,,,
,,,,,,,,,,,,
,,,,,,,,,,,,
,,,,,,,,,,,,
,,,,,,,,,,,,
,,,,,,,,,,,,
,,,,,,,,,,,,
,,,,,,,,,,,,
,,,,,,,,,,,,
,,,,,,,,,,,,
,,,,,,,,,,,,
,,,,,,,,,,,,
,,,,,,,,,,,,
,,,,,,,,,,,,
,,,,,,,,,,,,
,,,,,,,,,,,,
,,,,,,,,,,,,
,,,,,,,,,,,,
,,,,,,,,,,,,
,,,,,,,,,,,,